pair_id,img1,img2,gt_txt,n_inliers,inlier_rmse_px,mse_matrix,mse_sar50,out_dir
1,pair1_1.jpg,pair1_2.jpg,gt_1.txt,4,0.914099,204622.826591,265106843820471.968750,/Users/leolan/Downloads/WorkSpace/wssf_improve/wssf_python/wssf_python/results/batch/pair_1
2,pair2_1.jpg,pair2_2.jpg,gt_2.txt,3,0.000000,1039502.059009,5341687575.545476,/Users/leolan/Downloads/WorkSpace/wssf_improve/wssf_python/wssf_python/results/batch/pair_2
3,pair3_1.jpg,pair3_2.jpg,gt_3.txt,4,0.679329,100246.841099,151901268482661.718750,/Users/leolan/Downloads/WorkSpace/wssf_improve/wssf_python/wssf_python/results/batch/pair_3
4,pair4_1.jpg,pair4_2.jpg,gt_4.txt,3,0.000000,23414832519.095860,2104623.833383,/Users/leolan/Downloads/WorkSpace/wssf_improve/wssf_python/wssf_python/results/batch/pair_4
5,pair5_1.jpg,pair5_2.jpg,gt_5.txt,3,0.000000,2454.102899,1295096.859979,/Users/leolan/Downloads/WorkSpace/wssf_improve/wssf_python/wssf_python/results/batch/pair_5
6,pair6_1.jpg,pair6_2.jpg,gt_6.txt,4,1.093035,62131656.442013,25439205.007082,/Users/leolan/Downloads/WorkSpace/wssf_improve/wssf_python/wssf_python/results/batch/pair_6
7,pair7_1.jpg,pair7_2.jpg,gt_7.txt,4,0.804975,51483628.728385,359194448.203631,/Users/leolan/Downloads/WorkSpace/wssf_improve/wssf_python/wssf_python/results/batch/pair_7
8,pair8_1.jpg,pair8_2.jpg,gt_8.txt,4,0.252786,41651.758646,601036612.527005,/Users/leolan/Downloads/WorkSpace/wssf_improve/wssf_python/wssf_python/results/batch/pair_8
9,pair9_1.jpg,pair9_2.jpg,gt_9.txt,3,0.000000,1521340.896353,15102070.268353,/Users/leolan/Downloads/WorkSpace/wssf_improve/wssf_python/wssf_python/results/batch/pair_9
10,pair10_1.jpg,pair10_2.jpg,gt_10.txt,4,0.497498,62139.159843,39687288873.854149,/Users/leolan/Downloads/WorkSpace/wssf_improve/wssf_python/wssf_python/results/batch/pair_10
11,pair11_1.jpg,pair11_2.jpg,gt_11.txt,4,0.304773,308742.182281,40770037.353325,/Users/leolan/Downloads/WorkSpace/wssf_improve/wssf_python/wssf_python/results/batch/pair_11
12,pair12_1.jpg,pair12_2.jpg,gt_12.txt,4,0.451990,148269.274117,50000234143830.367188,/Users/leolan/Downloads/WorkSpace/wssf_improve/wssf_python/wssf_python/results/batch/pair_12
13,pair13_1.jpg,pair13_2.jpg,gt_13.txt,4,0.148817,968093.368211,22568531228.762806,/Users/leolan/Downloads/WorkSpace/wssf_improve/wssf_python/wssf_python/results/batch/pair_13
14,pair14_1.jpg,pair14_2.jpg,gt_14.txt,3,0.000003,1052111522272.844849,587921.509825,/Users/leolan/Downloads/WorkSpace/wssf_improve/wssf_python/wssf_python/results/batch/pair_14
15,pair15_1.jpg,pair15_2.jpg,gt_15.txt,4,1.086361,119064.347011,8429417552963.785156,/Users/leolan/Downloads/WorkSpace/wssf_improve/wssf_python/wssf_python/results/batch/pair_15
16,pair16_1.jpg,pair16_2.jpg,gt_16.txt,4,0.941256,122013.635246,13972238963072122.000000,/Users/leolan/Downloads/WorkSpace/wssf_improve/wssf_python/wssf_python/results/batch/pair_16
17,pair17_1.jpg,pair17_2.jpg,gt_17.txt,4,1.236119,191604.963832,566716.444827,/Users/leolan/Downloads/WorkSpace/wssf_improve/wssf_python/wssf_python/results/batch/pair_17
18,pair18_1.jpg,pair18_2.jpg,gt_18.txt,3,0.000000,934136333.729581,11681471.916499,/Users/leolan/Downloads/WorkSpace/wssf_improve/wssf_python/wssf_python/results/batch/pair_18
19,pair19_1.jpg,pair19_2.jpg,gt_19.txt,4,0.444186,96425.923830,1801547433.362368,/Users/leolan/Downloads/WorkSpace/wssf_improve/wssf_python/wssf_python/results/batch/pair_19
20,pair20_1.jpg,pair20_2.jpg,gt_20.txt,3,0.000000,2939613.519505,264383603.570768,/Users/leolan/Downloads/WorkSpace/wssf_improve/wssf_python/wssf_python/results/batch/pair_20
21,pair21_1.jpg,pair21_2.jpg,gt_21.txt,3,0.000000,15028.753888,198036.204836,/Users/leolan/Downloads/WorkSpace/wssf_improve/wssf_python/wssf_python/results/batch/pair_21
22,pair22_1.jpg,pair22_2.jpg,gt_22.txt,3,0.000000,7955998.422862,960288.951972,/Users/leolan/Downloads/WorkSpace/wssf_improve/wssf_python/wssf_python/results/batch/pair_22
23,pair23_1.jpg,pair23_2.jpg,gt_23.txt,4,0.669872,108241.674067,52249492658504592.000000,/Users/leolan/Downloads/WorkSpace/wssf_improve/wssf_python/wssf_python/results/batch/pair_23
24,pair24_1.jpg,pair24_2.jpg,gt_24.txt,4,0.762224,113049.528307,140957419.067366,/Users/leolan/Downloads/WorkSpace/wssf_improve/wssf_python/wssf_python/results/batch/pair_24
25,pair25_1.jpg,pair25_2.jpg,gt_25.txt,3,0.000000,38135028.630886,88668150.688557,/Users/leolan/Downloads/WorkSpace/wssf_improve/wssf_python/wssf_python/results/batch/pair_25
26,pair26_1.jpg,pair26_2.jpg,gt_26.txt,4,0.928157,112469.447893,486569171.155554,/Users/leolan/Downloads/WorkSpace/wssf_improve/wssf_python/wssf_python/results/batch/pair_26
27,pair27_1.jpg,pair27_2.jpg,gt_27.txt,4,0.794078,11056.893156,162751964463.759583,/Users/leolan/Downloads/WorkSpace/wssf_improve/wssf_python/wssf_python/results/batch/pair_27
28,pair28_1.jpg,pair28_2.jpg,gt_28.txt,4,0.573346,188910.955827,825777932134.157715,/Users/leolan/Downloads/WorkSpace/wssf_improve/wssf_python/wssf_python/results/batch/pair_28
29,pair29_1.jpg,pair29_2.jpg,gt_29.txt,4,0.827281,58466.802111,264171773.937667,/Users/leolan/Downloads/WorkSpace/wssf_improve/wssf_python/wssf_python/results/batch/pair_29
30,pair30_1.jpg,pair30_2.jpg,gt_30.txt,4,0.501224,1805742.405692,396385.280685,/Users/leolan/Downloads/WorkSpace/wssf_improve/wssf_python/wssf_python/results/batch/pair_30
31,pair31_1.jpg,pair31_2.jpg,gt_31.txt,4,0.640245,98090.264942,53298996.119854,/Users/leolan/Downloads/WorkSpace/wssf_improve/wssf_python/wssf_python/results/batch/pair_31
32,pair32_1.jpg,pair32_2.jpg,gt_32.txt,3,0.000896,8587235691876.225586,2652801075561.622559,/Users/leolan/Downloads/WorkSpace/wssf_improve/wssf_python/wssf_python/results/batch/pair_32
33,pair33_1.jpg,pair33_2.jpg,gt_33.txt,4,0.559965,34429.125587,2395015.162572,/Users/leolan/Downloads/WorkSpace/wssf_improve/wssf_python/wssf_python/results/batch/pair_33
34,pair34_1.jpg,pair34_2.jpg,gt_34.txt,4,0.246513,88357.223575,19054214004543.351562,/Users/leolan/Downloads/WorkSpace/wssf_improve/wssf_python/wssf_python/results/batch/pair_34
35,pair35_1.jpg,pair35_2.jpg,gt_35.txt,3,0.000000,15424588316708.636719,113173.334033,/Users/leolan/Downloads/WorkSpace/wssf_improve/wssf_python/wssf_python/results/batch/pair_35
36,pair36_1.jpg,pair36_2.jpg,gt_36.txt,3,0.000001,841336.805833,797494110.706417,/Users/leolan/Downloads/WorkSpace/wssf_improve/wssf_python/wssf_python/results/batch/pair_36
37,pair37_1.jpg,pair37_2.jpg,gt_37.txt,4,0.927773,46141.639555,14659779964919181312.000000,/Users/leolan/Downloads/WorkSpace/wssf_improve/wssf_python/wssf_python/results/batch/pair_37
38,pair38_1.jpg,pair38_2.jpg,gt_38.txt,4,0.573539,143229.859469,100686081177.562912,/Users/leolan/Downloads/WorkSpace/wssf_improve/wssf_python/wssf_python/results/batch/pair_38
39,pair39_1.jpg,pair39_2.jpg,gt_39.txt,3,0.000000,1943579.787419,11712454.343177,/Users/leolan/Downloads/WorkSpace/wssf_improve/wssf_python/wssf_python/results/batch/pair_39
40,pair40_1.jpg,pair40_2.jpg,gt_40.txt,4,1.118928,24162.827639,442393870.529002,/Users/leolan/Downloads/WorkSpace/wssf_improve/wssf_python/wssf_python/results/batch/pair_40
41,pair41_1.jpg,pair41_2.jpg,gt_41.txt,4,0.842548,92455.109175,52052168094311.351562,/Users/leolan/Downloads/WorkSpace/wssf_improve/wssf_python/wssf_python/results/batch/pair_41
42,pair42_1.jpg,pair42_2.jpg,gt_42.txt,3,0.000000,77495.596419,33877109914669.910156,/Users/leolan/Downloads/WorkSpace/wssf_improve/wssf_python/wssf_python/results/batch/pair_42
43,pair43_1.jpg,pair43_2.jpg,gt_43.txt,3,0.000000,20869967.624546,977980.550298,/Users/leolan/Downloads/WorkSpace/wssf_improve/wssf_python/wssf_python/results/batch/pair_43
44,pair44_1.jpg,pair44_2.jpg,gt_44.txt,4,0.223833,118340.232524,10683313.138082,/Users/leolan/Downloads/WorkSpace/wssf_improve/wssf_python/wssf_python/results/batch/pair_44
45,pair45_1.jpg,pair45_2.jpg,gt_45.txt,4,0.654831,14019815.434733,9975411.838017,/Users/leolan/Downloads/WorkSpace/wssf_improve/wssf_python/wssf_python/results/batch/pair_45
46,pair46_1.jpg,pair46_2.jpg,gt_46.txt,4,0.444305,344738.668525,177103883066.526520,/Users/leolan/Downloads/WorkSpace/wssf_improve/wssf_python/wssf_python/results/batch/pair_46
47,pair47_1.jpg,pair47_2.jpg,gt_47.txt,4,0.755077,825470.172211,21376341.416495,/Users/leolan/Downloads/WorkSpace/wssf_improve/wssf_python/wssf_python/results/batch/pair_47
48,pair48_1.jpg,pair48_2.jpg,gt_48.txt,4,0.832688,175548.892923,92099653.578016,/Users/leolan/Downloads/WorkSpace/wssf_improve/wssf_python/wssf_python/results/batch/pair_48
49,pair49_1.jpg,pair49_2.jpg,gt_49.txt,3,0.000000,144152.600884,21983799079.049377,/Users/leolan/Downloads/WorkSpace/wssf_improve/wssf_python/wssf_python/results/batch/pair_49
50,pair50_1.jpg,pair50_2.jpg,gt_50.txt,3,0.000004,1651563814888.031250,525392560.633251,/Users/leolan/Downloads/WorkSpace/wssf_improve/wssf_python/wssf_python/results/batch/pair_50
51,pair51_1.jpg,pair51_2.jpg,gt_51.txt,4,0.463317,28973.106488,8847140300.138893,/Users/leolan/Downloads/WorkSpace/wssf_improve/wssf_python/wssf_python/results/batch/pair_51
52,pair52_1.jpg,pair52_2.jpg,gt_52.txt,4,0.530846,56507.864144,228922228122048.281250,/Users/leolan/Downloads/WorkSpace/wssf_improve/wssf_python/wssf_python/results/batch/pair_52
53,pair53_1.jpg,pair53_2.jpg,gt_53.txt,3,0.000000,403807.913015,105414081.569139,/Users/leolan/Downloads/WorkSpace/wssf_improve/wssf_python/wssf_python/results/batch/pair_53
54,pair54_1.jpg,pair54_2.jpg,gt_54.txt,4,0.158053,19674.129358,648254608.873341,/Users/leolan/Downloads/WorkSpace/wssf_improve/wssf_python/wssf_python/results/batch/pair_54
55,pair55_1.jpg,pair55_2.jpg,gt_55.txt,4,0.827709,445002.232307,19123505.275595,/Users/leolan/Downloads/WorkSpace/wssf_improve/wssf_python/wssf_python/results/batch/pair_55
56,pair56_1.jpg,pair56_2.jpg,gt_56.txt,4,0.560376,63346.308536,235829206.967059,/Users/leolan/Downloads/WorkSpace/wssf_improve/wssf_python/wssf_python/results/batch/pair_56
57,pair57_1.jpg,pair57_2.jpg,gt_57.txt,4,0.345348,651935.923659,2029383.613827,/Users/leolan/Downloads/WorkSpace/wssf_improve/wssf_python/wssf_python/results/batch/pair_57
58,pair58_1.jpg,pair58_2.jpg,gt_58.txt,4,0.346793,110571.489640,122549023.504611,/Users/leolan/Downloads/WorkSpace/wssf_improve/wssf_python/wssf_python/results/batch/pair_58
59,pair59_1.jpg,pair59_2.jpg,gt_59.txt,3,0.000000,783057.605320,640253.221980,/Users/leolan/Downloads/WorkSpace/wssf_improve/wssf_python/wssf_python/results/batch/pair_59
60,pair60_1.jpg,pair60_2.jpg,gt_60.txt,4,0.174767,99911177.547028,1700973.684411,/Users/leolan/Downloads/WorkSpace/wssf_improve/wssf_python/wssf_python/results/batch/pair_60
61,pair61_1.jpg,pair61_2.jpg,gt_61.txt,4,0.974172,242721.639281,204407067.722413,/Users/leolan/Downloads/WorkSpace/wssf_improve/wssf_python/wssf_python/results/batch/pair_61
62,pair62_1.jpg,pair62_2.jpg,gt_62.txt,4,0.749197,52371.588098,4931120509.518887,/Users/leolan/Downloads/WorkSpace/wssf_improve/wssf_python/wssf_python/results/batch/pair_62
63,pair63_1.jpg,pair63_2.jpg,gt_63.txt,4,0.383367,45060.552426,34734473463313.761719,/Users/leolan/Downloads/WorkSpace/wssf_improve/wssf_python/wssf_python/results/batch/pair_63
64,pair64_1.jpg,pair64_2.jpg,gt_64.txt,4,0.850993,153084.755322,4574264717989.643555,/Users/leolan/Downloads/WorkSpace/wssf_improve/wssf_python/wssf_python/results/batch/pair_64
65,pair65_1.jpg,pair65_2.jpg,gt_65.txt,3,0.000136,8715512572.851906,166945525007.549500,/Users/leolan/Downloads/WorkSpace/wssf_improve/wssf_python/wssf_python/results/batch/pair_65
66,pair66_1.jpg,pair66_2.jpg,gt_66.txt,4,0.627605,29705.064342,32080224.958908,/Users/leolan/Downloads/WorkSpace/wssf_improve/wssf_python/wssf_python/results/batch/pair_66
67,pair67_1.jpg,pair67_2.jpg,gt_67.txt,4,0.857685,91708.852929,21705653013.551636,/Users/leolan/Downloads/WorkSpace/wssf_improve/wssf_python/wssf_python/results/batch/pair_67
68,pair68_1.jpg,pair68_2.jpg,gt_68.txt,4,0.527987,135027.812853,1314226281.992789,/Users/leolan/Downloads/WorkSpace/wssf_improve/wssf_python/wssf_python/results/batch/pair_68
69,pair69_1.jpg,pair69_2.jpg,gt_69.txt,4,0.946054,6581031.713320,28048107.331358,/Users/leolan/Downloads/WorkSpace/wssf_improve/wssf_python/wssf_python/results/batch/pair_69
70,pair70_1.jpg,pair70_2.jpg,gt_70.txt,4,1.008510,1015.661636,29039582.676068,/Users/leolan/Downloads/WorkSpace/wssf_improve/wssf_python/wssf_python/results/batch/pair_70
71,pair71_1.jpg,pair71_2.jpg,gt_71.txt,3,0.000001,4885772993.210095,12111206508.182287,/Users/leolan/Downloads/WorkSpace/wssf_improve/wssf_python/wssf_python/results/batch/pair_71
72,pair72_1.jpg,pair72_2.jpg,gt_72.txt,4,0.992690,78339.624033,12610421969915.964844,/Users/leolan/Downloads/WorkSpace/wssf_improve/wssf_python/wssf_python/results/batch/pair_72
73,pair73_1.jpg,pair73_2.jpg,gt_73.txt,3,0.000000,62156.644618,1189861293.052786,/Users/leolan/Downloads/WorkSpace/wssf_improve/wssf_python/wssf_python/results/batch/pair_73
74,pair74_1.jpg,pair74_2.jpg,gt_74.txt,4,0.065716,43565.124107,647270349589.433472,/Users/leolan/Downloads/WorkSpace/wssf_improve/wssf_python/wssf_python/results/batch/pair_74
75,pair75_1.jpg,pair75_2.jpg,gt_75.txt,4,0.799133,1175461.587428,4152542524.059725,/Users/leolan/Downloads/WorkSpace/wssf_improve/wssf_python/wssf_python/results/batch/pair_75
76,pair76_1.jpg,pair76_2.jpg,gt_76.txt,4,0.385102,96794.710501,9502334236932.367188,/Users/leolan/Downloads/WorkSpace/wssf_improve/wssf_python/wssf_python/results/batch/pair_76
77,pair77_1.jpg,pair77_2.jpg,gt_77.txt,3,0.000020,13392503318.628727,9225124652.997160,/Users/leolan/Downloads/WorkSpace/wssf_improve/wssf_python/wssf_python/results/batch/pair_77
78,pair78_1.jpg,pair78_2.jpg,gt_78.txt,4,0.933347,113278.115778,1068738701108704.375000,/Users/leolan/Downloads/WorkSpace/wssf_improve/wssf_python/wssf_python/results/batch/pair_78
79,pair79_1.jpg,pair79_2.jpg,gt_79.txt,4,1.024466,3968.361896,15736921574.331110,/Users/leolan/Downloads/WorkSpace/wssf_improve/wssf_python/wssf_python/results/batch/pair_79
80,pair80_1.jpg,pair80_2.jpg,gt_80.txt,4,0.964615,14611.486973,503432919.050212,/Users/leolan/Downloads/WorkSpace/wssf_improve/wssf_python/wssf_python/results/batch/pair_80
81,pair81_1.jpg,pair81_2.jpg,gt_81.txt,3,0.000000,10562410919.554844,77212918483.014496,/Users/leolan/Downloads/WorkSpace/wssf_improve/wssf_python/wssf_python/results/batch/pair_81
82,pair82_1.jpg,pair82_2.jpg,gt_82.txt,4,0.844100,37368.133467,858386903.047743,/Users/leolan/Downloads/WorkSpace/wssf_improve/wssf_python/wssf_python/results/batch/pair_82
83,pair83_1.jpg,pair83_2.jpg,gt_83.txt,4,0.300905,301208.337879,6137828.413845,/Users/leolan/Downloads/WorkSpace/wssf_improve/wssf_python/wssf_python/results/batch/pair_83
84,pair84_1.jpg,pair84_2.jpg,gt_84.txt,3,0.000000,10857770.383186,17112638.188921,/Users/leolan/Downloads/WorkSpace/wssf_improve/wssf_python/wssf_python/results/batch/pair_84
85,pair85_1.jpg,pair85_2.jpg,gt_85.txt,3,0.000000,15725244.123442,209165.038683,/Users/leolan/Downloads/WorkSpace/wssf_improve/wssf_python/wssf_python/results/batch/pair_85
86,pair86_1.jpg,pair86_2.jpg,gt_86.txt,4,0.886580,119145.194015,1532874458.995351,/Users/leolan/Downloads/WorkSpace/wssf_improve/wssf_python/wssf_python/results/batch/pair_86
87,pair87_1.jpg,pair87_2.jpg,gt_87.txt,4,0.637459,36306.011701,14839329327427.345703,/Users/leolan/Downloads/WorkSpace/wssf_improve/wssf_python/wssf_python/results/batch/pair_87
88,pair88_1.jpg,pair88_2.jpg,gt_88.txt,4,0.117446,88451.040070,718119133.071393,/Users/leolan/Downloads/WorkSpace/wssf_improve/wssf_python/wssf_python/results/batch/pair_88
89,pair89_1.jpg,pair89_2.jpg,gt_89.txt,3,0.000000,472073.814616,69373654306.116333,/Users/leolan/Downloads/WorkSpace/wssf_improve/wssf_python/wssf_python/results/batch/pair_89
90,pair90_1.jpg,pair90_2.jpg,gt_90.txt,3,0.000001,70128072563.869370,5603549.269399,/Users/leolan/Downloads/WorkSpace/wssf_improve/wssf_python/wssf_python/results/batch/pair_90
91,pair91_1.jpg,pair91_2.jpg,gt_91.txt,3,0.000000,378740.465155,1391428130.764826,/Users/leolan/Downloads/WorkSpace/wssf_improve/wssf_python/wssf_python/results/batch/pair_91
92,pair92_1.jpg,pair92_2.jpg,gt_92.txt,3,0.000002,93083553380.124008,30410717.490324,/Users/leolan/Downloads/WorkSpace/wssf_improve/wssf_python/wssf_python/results/batch/pair_92
93,pair93_1.jpg,pair93_2.jpg,gt_93.txt,4,0.827490,101067.660509,1323137953708120.250000,/Users/leolan/Downloads/WorkSpace/wssf_improve/wssf_python/wssf_python/results/batch/pair_93
94,pair94_1.jpg,pair94_2.jpg,gt_94.txt,4,0.910802,41769.423455,493198439.764354,/Users/leolan/Downloads/WorkSpace/wssf_improve/wssf_python/wssf_python/results/batch/pair_94
95,pair95_1.jpg,pair95_2.jpg,gt_95.txt,4,1.175281,3378.408769,1994784.708283,/Users/leolan/Downloads/WorkSpace/wssf_improve/wssf_python/wssf_python/results/batch/pair_95
96,pair96_1.jpg,pair96_2.jpg,gt_96.txt,3,0.000002,2007714174995.996582,5726484.193845,/Users/leolan/Downloads/WorkSpace/wssf_improve/wssf_python/wssf_python/results/batch/pair_96
97,pair97_1.jpg,pair97_2.jpg,gt_97.txt,3,0.000000,55438956.219544,1449086.228266,/Users/leolan/Downloads/WorkSpace/wssf_improve/wssf_python/wssf_python/results/batch/pair_97
98,pair98_1.jpg,pair98_2.jpg,gt_98.txt,4,0.821561,12964.490047,75611542.594731,/Users/leolan/Downloads/WorkSpace/wssf_improve/wssf_python/wssf_python/results/batch/pair_98
99,pair99_1.jpg,pair99_2.jpg,gt_99.txt,4,0.695421,72989.597799,423660.074129,/Users/leolan/Downloads/WorkSpace/wssf_improve/wssf_python/wssf_python/results/batch/pair_99
100,pair100_1.jpg,pair100_2.jpg,gt_100.txt,4,0.582354,144395.175707,3576392451641816.500000,/Users/leolan/Downloads/WorkSpace/wssf_improve/wssf_python/wssf_python/results/batch/pair_100
101,pair101_1.jpg,pair101_2.jpg,gt_101.txt,3,0.000012,101558969906.811157,4219075948020.092285,/Users/leolan/Downloads/WorkSpace/wssf_improve/wssf_python/wssf_python/results/batch/pair_101
102,pair102_1.jpg,pair102_2.jpg,gt_102.txt,4,1.032926,4073.435344,36793153562.502693,/Users/leolan/Downloads/WorkSpace/wssf_improve/wssf_python/wssf_python/results/batch/pair_102
103,pair103_1.jpg,pair103_2.jpg,gt_103.txt,4,0.814589,4176585.844356,153846133876317920.000000,/Users/leolan/Downloads/WorkSpace/wssf_improve/wssf_python/wssf_python/results/batch/pair_103
104,pair104_1.jpg,pair104_2.jpg,gt_104.txt,4,0.934745,42171.902339,1147717682.949706,/Users/leolan/Downloads/WorkSpace/wssf_improve/wssf_python/wssf_python/results/batch/pair_104
105,pair105_1.jpg,pair105_2.jpg,gt_105.txt,4,0.371293,128618.480903,1865109926799618304.000000,/Users/leolan/Downloads/WorkSpace/wssf_improve/wssf_python/wssf_python/results/batch/pair_105
106,pair106_1.jpg,pair106_2.jpg,gt_106.txt,4,0.758518,93321.322712,2072712544257.033691,/Users/leolan/Downloads/WorkSpace/wssf_improve/wssf_python/wssf_python/results/batch/pair_106
107,pair107_1.jpg,pair107_2.jpg,gt_107.txt,3,0.000000,9470573.227724,21762449.555461,/Users/leolan/Downloads/WorkSpace/wssf_improve/wssf_python/wssf_python/results/batch/pair_107
108,pair108_1.jpg,pair108_2.jpg,gt_108.txt,3,0.000000,285534026.878076,26386741.824749,/Users/leolan/Downloads/WorkSpace/wssf_improve/wssf_python/wssf_python/results/batch/pair_108
109,pair109_1.jpg,pair109_2.jpg,gt_109.txt,4,0.980343,13794.353306,1565013214.278270,/Users/leolan/Downloads/WorkSpace/wssf_improve/wssf_python/wssf_python/results/batch/pair_109
110,pair110_1.jpg,pair110_2.jpg,gt_110.txt,4,0.962547,83714.576931,56831149.808752,/Users/leolan/Downloads/WorkSpace/wssf_improve/wssf_python/wssf_python/results/batch/pair_110
111,pair111_1.jpg,pair111_2.jpg,gt_111.txt,4,0.332233,372848.702369,1976327545.435497,/Users/leolan/Downloads/WorkSpace/wssf_improve/wssf_python/wssf_python/results/batch/pair_111
112,pair112_1.jpg,pair112_2.jpg,gt_112.txt,4,1.023971,27232.067475,221247784.830067,/Users/leolan/Downloads/WorkSpace/wssf_improve/wssf_python/wssf_python/results/batch/pair_112
113,pair113_1.jpg,pair113_2.jpg,gt_113.txt,4,1.065837,97750.087993,29775858364.193638,/Users/leolan/Downloads/WorkSpace/wssf_improve/wssf_python/wssf_python/results/batch/pair_113
114,pair114_1.jpg,pair114_2.jpg,gt_114.txt,4,1.079290,12302.878900,8581525238598.481445,/Users/leolan/Downloads/WorkSpace/wssf_improve/wssf_python/wssf_python/results/batch/pair_114
115,pair115_1.jpg,pair115_2.jpg,gt_115.txt,4,0.350325,5821.027479,15658358.255700,/Users/leolan/Downloads/WorkSpace/wssf_improve/wssf_python/wssf_python/results/batch/pair_115
116,pair116_1.jpg,pair116_2.jpg,gt_116.txt,4,0.725239,13817.314960,1831903.682285,/Users/leolan/Downloads/WorkSpace/wssf_improve/wssf_python/wssf_python/results/batch/pair_116
117,pair117_1.jpg,pair117_2.jpg,gt_117.txt,4,0.757632,171725.302757,69371323198.451828,/Users/leolan/Downloads/WorkSpace/wssf_improve/wssf_python/wssf_python/results/batch/pair_117
118,pair118_1.jpg,pair118_2.jpg,gt_118.txt,4,0.983478,85032.106467,19207461763.419651,/Users/leolan/Downloads/WorkSpace/wssf_improve/wssf_python/wssf_python/results/batch/pair_118
119,pair119_1.jpg,pair119_2.jpg,gt_119.txt,4,0.712356,127870.244093,78582298805.878235,/Users/leolan/Downloads/WorkSpace/wssf_improve/wssf_python/wssf_python/results/batch/pair_119
120,pair120_1.jpg,pair120_2.jpg,gt_120.txt,4,0.984308,7918.309075,154795.949062,/Users/leolan/Downloads/WorkSpace/wssf_improve/wssf_python/wssf_python/results/batch/pair_120
121,pair121_1.jpg,pair121_2.jpg,gt_121.txt,4,0.852405,23200.992442,19283855461.913929,/Users/leolan/Downloads/WorkSpace/wssf_improve/wssf_python/wssf_python/results/batch/pair_121
122,pair122_1.jpg,pair122_2.jpg,gt_122.txt,3,0.000000,103508461.499657,15193738.121980,/Users/leolan/Downloads/WorkSpace/wssf_improve/wssf_python/wssf_python/results/batch/pair_122
123,pair123_1.jpg,pair123_2.jpg,gt_123.txt,4,0.623369,96202.180755,300309764.980578,/Users/leolan/Downloads/WorkSpace/wssf_improve/wssf_python/wssf_python/results/batch/pair_123
124,pair124_1.jpg,pair124_2.jpg,gt_124.txt,3,0.000001,4817235002.858584,14005969831.052607,/Users/leolan/Downloads/WorkSpace/wssf_improve/wssf_python/wssf_python/results/batch/pair_124
125,pair125_1.jpg,pair125_2.jpg,gt_125.txt,4,0.928501,34860.534754,8416479392517.023438,/Users/leolan/Downloads/WorkSpace/wssf_improve/wssf_python/wssf_python/results/batch/pair_125
126,pair126_1.jpg,pair126_2.jpg,gt_126.txt,4,0.883968,38994.150253,2928202693.813800,/Users/leolan/Downloads/WorkSpace/wssf_improve/wssf_python/wssf_python/results/batch/pair_126
127,pair127_1.jpg,pair127_2.jpg,gt_127.txt,3,0.000070,1515717810.338627,260712033620828.968750,/Users/leolan/Downloads/WorkSpace/wssf_improve/wssf_python/wssf_python/results/batch/pair_127
128,pair128_1.jpg,pair128_2.jpg,gt_128.txt,4,0.406041,26539.699058,2831523355.092767,/Users/leolan/Downloads/WorkSpace/wssf_improve/wssf_python/wssf_python/results/batch/pair_128
129,pair129_1.jpg,pair129_2.jpg,gt_129.txt,4,0.467031,85404.271656,29257116933.812866,/Users/leolan/Downloads/WorkSpace/wssf_improve/wssf_python/wssf_python/results/batch/pair_129
130,pair130_1.jpg,pair130_2.jpg,gt_130.txt,3,0.000000,332323.949074,117168211.024288,/Users/leolan/Downloads/WorkSpace/wssf_improve/wssf_python/wssf_python/results/batch/pair_130
131,pair131_1.jpg,pair131_2.jpg,gt_131.txt,3,0.000000,12435648.004483,643730.926616,/Users/leolan/Downloads/WorkSpace/wssf_improve/wssf_python/wssf_python/results/batch/pair_131
132,pair132_1.jpg,pair132_2.jpg,gt_132.txt,4,0.710305,70758.426642,39690149.374332,/Users/leolan/Downloads/WorkSpace/wssf_improve/wssf_python/wssf_python/results/batch/pair_132
133,pair133_1.jpg,pair133_2.jpg,gt_133.txt,4,0.481153,136483.144012,152962998135851328.000000,/Users/leolan/Downloads/WorkSpace/wssf_improve/wssf_python/wssf_python/results/batch/pair_133
134,pair134_1.jpg,pair134_2.jpg,gt_134.txt,4,0.969467,75136.017567,21229664.322953,/Users/leolan/Downloads/WorkSpace/wssf_improve/wssf_python/wssf_python/results/batch/pair_134
135,pair135_1.jpg,pair135_2.jpg,gt_135.txt,4,1.085497,324.557327,18514463.961752,/Users/leolan/Downloads/WorkSpace/wssf_improve/wssf_python/wssf_python/results/batch/pair_135
136,pair136_1.jpg,pair136_2.jpg,gt_136.txt,4,0.752042,726158.531546,2190734193.521025,/Users/leolan/Downloads/WorkSpace/wssf_improve/wssf_python/wssf_python/results/batch/pair_136
137,pair137_1.jpg,pair137_2.jpg,gt_137.txt,4,0.901579,65049.168548,1015320031.380146,/Users/leolan/Downloads/WorkSpace/wssf_improve/wssf_python/wssf_python/results/batch/pair_137
138,pair138_1.jpg,pair138_2.jpg,gt_138.txt,4,0.887055,106345.476727,124414343.747396,/Users/leolan/Downloads/WorkSpace/wssf_improve/wssf_python/wssf_python/results/batch/pair_138
139,pair139_1.jpg,pair139_2.jpg,gt_139.txt,4,0.784540,37585.921225,986231563.963593,/Users/leolan/Downloads/WorkSpace/wssf_improve/wssf_python/wssf_python/results/batch/pair_139
140,pair140_1.jpg,pair140_2.jpg,gt_140.txt,4,0.644585,12598.362823,35013389781115.128906,/Users/leolan/Downloads/WorkSpace/wssf_improve/wssf_python/wssf_python/results/batch/pair_140
141,pair141_1.jpg,pair141_2.jpg,gt_141.txt,4,1.050042,150288.046606,719625327.732331,/Users/leolan/Downloads/WorkSpace/wssf_improve/wssf_python/wssf_python/results/batch/pair_141
142,pair142_1.jpg,pair142_2.jpg,gt_142.txt,4,0.716149,88563.956941,101843977163519186436096.000000,/Users/leolan/Downloads/WorkSpace/wssf_improve/wssf_python/wssf_python/results/batch/pair_142
143,pair143_1.jpg,pair143_2.jpg,gt_143.txt,3,0.028169,1102221585867930.250000,3731613684.371403,/Users/leolan/Downloads/WorkSpace/wssf_improve/wssf_python/wssf_python/results/batch/pair_143
144,pair144_1.jpg,pair144_2.jpg,gt_144.txt,4,0.700513,144261.519605,7803980.380653,/Users/leolan/Downloads/WorkSpace/wssf_improve/wssf_python/wssf_python/results/batch/pair_144
145,pair145_1.jpg,pair145_2.jpg,gt_145.txt,3,0.000000,1303233.380709,2562204.755880,/Users/leolan/Downloads/WorkSpace/wssf_improve/wssf_python/wssf_python/results/batch/pair_145
146,pair146_1.jpg,pair146_2.jpg,gt_146.txt,3,0.000000,1398783.882795,1404172824936811.250000,/Users/leolan/Downloads/WorkSpace/wssf_improve/wssf_python/wssf_python/results/batch/pair_146
147,pair147_1.jpg,pair147_2.jpg,gt_147.txt,3,0.000000,55782824.216005,1625833746.758583,/Users/leolan/Downloads/WorkSpace/wssf_improve/wssf_python/wssf_python/results/batch/pair_147
148,pair148_1.jpg,pair148_2.jpg,gt_148.txt,4,0.331631,66163.156465,9721275392.576324,/Users/leolan/Downloads/WorkSpace/wssf_improve/wssf_python/wssf_python/results/batch/pair_148
149,pair149_1.jpg,pair149_2.jpg,gt_149.txt,3,0.000000,1302111.234334,1147817.878668,/Users/leolan/Downloads/WorkSpace/wssf_improve/wssf_python/wssf_python/results/batch/pair_149
150,pair150_1.jpg,pair150_2.jpg,gt_150.txt,4,0.908167,83496.279021,74856448929300416.000000,/Users/leolan/Downloads/WorkSpace/wssf_improve/wssf_python/wssf_python/results/batch/pair_150
151,pair151_1.jpg,pair151_2.jpg,gt_151.txt,4,1.164349,39327.211284,294912379032.181580,/Users/leolan/Downloads/WorkSpace/wssf_improve/wssf_python/wssf_python/results/batch/pair_151
152,pair152_1.jpg,pair152_2.jpg,gt_152.txt,3,0.000000,463808.513503,100294003.023396,/Users/leolan/Downloads/WorkSpace/wssf_improve/wssf_python/wssf_python/results/batch/pair_152
153,pair153_1.jpg,pair153_2.jpg,gt_153.txt,3,0.000000,3163173.657473,6467249784.146061,/Users/leolan/Downloads/WorkSpace/wssf_improve/wssf_python/wssf_python/results/batch/pair_153
154,pair154_1.jpg,pair154_2.jpg,gt_154.txt,4,0.794492,95137.614718,50853377032.398720,/Users/leolan/Downloads/WorkSpace/wssf_improve/wssf_python/wssf_python/results/batch/pair_154
155,pair155_1.jpg,pair155_2.jpg,gt_155.txt,4,0.722718,36986.662423,129109197481989.578125,/Users/leolan/Downloads/WorkSpace/wssf_improve/wssf_python/wssf_python/results/batch/pair_155
156,pair156_1.jpg,pair156_2.jpg,gt_156.txt,4,1.029829,416624.288251,93821174.717195,/Users/leolan/Downloads/WorkSpace/wssf_improve/wssf_python/wssf_python/results/batch/pair_156
157,pair157_1.jpg,pair157_2.jpg,gt_157.txt,3,0.000014,16625683603.890511,1850163435702.463379,/Users/leolan/Downloads/WorkSpace/wssf_improve/wssf_python/wssf_python/results/batch/pair_157
158,pair158_1.jpg,pair158_2.jpg,gt_158.txt,3,0.000000,26884.210672,20718993.716358,/Users/leolan/Downloads/WorkSpace/wssf_improve/wssf_python/wssf_python/results/batch/pair_158
159,pair159_1.jpg,pair159_2.jpg,gt_159.txt,4,0.435351,15031.080486,5606176.213785,/Users/leolan/Downloads/WorkSpace/wssf_improve/wssf_python/wssf_python/results/batch/pair_159
160,pair160_1.jpg,pair160_2.jpg,gt_160.txt,4,0.943546,38017.072364,87743705.424876,/Users/leolan/Downloads/WorkSpace/wssf_improve/wssf_python/wssf_python/results/batch/pair_160
161,pair161_1.jpg,pair161_2.jpg,gt_161.txt,4,0.678256,252940.528154,1038145.833791,/Users/leolan/Downloads/WorkSpace/wssf_improve/wssf_python/wssf_python/results/batch/pair_161
162,pair162_1.jpg,pair162_2.jpg,gt_162.txt,4,0.715031,99220.201785,29682677570.481083,/Users/leolan/Downloads/WorkSpace/wssf_improve/wssf_python/wssf_python/results/batch/pair_162
163,pair163_1.jpg,pair163_2.jpg,gt_163.txt,4,1.193620,36618.400526,29076884.256067,/Users/leolan/Downloads/WorkSpace/wssf_improve/wssf_python/wssf_python/results/batch/pair_163
164,pair164_1.jpg,pair164_2.jpg,gt_164.txt,4,0.358311,99082.588155,17357975938.518299,/Users/leolan/Downloads/WorkSpace/wssf_improve/wssf_python/wssf_python/results/batch/pair_164
165,pair165_1.jpg,pair165_2.jpg,gt_165.txt,4,0.793743,11229.881856,1910718687.174233,/Users/leolan/Downloads/WorkSpace/wssf_improve/wssf_python/wssf_python/results/batch/pair_165
166,pair166_1.jpg,pair166_2.jpg,gt_166.txt,4,0.906952,138008.629674,14589564207.267954,/Users/leolan/Downloads/WorkSpace/wssf_improve/wssf_python/wssf_python/results/batch/pair_166
167,pair167_1.jpg,pair167_2.jpg,gt_167.txt,4,0.661065,49105.165809,643805168577127.125000,/Users/leolan/Downloads/WorkSpace/wssf_improve/wssf_python/wssf_python/results/batch/pair_167
168,pair168_1.jpg,pair168_2.jpg,gt_168.txt,4,0.601084,62455.448184,58861533205.371826,/Users/leolan/Downloads/WorkSpace/wssf_improve/wssf_python/wssf_python/results/batch/pair_168
169,pair169_1.jpg,pair169_2.jpg,gt_169.txt,4,0.972582,73713.768997,264781.418321,/Users/leolan/Downloads/WorkSpace/wssf_improve/wssf_python/wssf_python/results/batch/pair_169
170,pair170_1.jpg,pair170_2.jpg,gt_170.txt,4,0.320381,52096.507366,52746855614442594304.000000,/Users/leolan/Downloads/WorkSpace/wssf_improve/wssf_python/wssf_python/results/batch/pair_170
171,pair171_1.jpg,pair171_2.jpg,gt_171.txt,4,0.764184,1132834.022889,1980823.942812,/Users/leolan/Downloads/WorkSpace/wssf_improve/wssf_python/wssf_python/results/batch/pair_171
172,pair172_1.jpg,pair172_2.jpg,gt_172.txt,3,0.000000,73206.722243,53000.706716,/Users/leolan/Downloads/WorkSpace/wssf_improve/wssf_python/wssf_python/results/batch/pair_172
173,pair173_1.jpg,pair173_2.jpg,gt_173.txt,4,0.412272,117684.182757,734428886923.332764,/Users/leolan/Downloads/WorkSpace/wssf_improve/wssf_python/wssf_python/results/batch/pair_173
174,pair174_1.jpg,pair174_2.jpg,gt_174.txt,3,0.000000,14380294.794982,115812550.398925,/Users/leolan/Downloads/WorkSpace/wssf_improve/wssf_python/wssf_python/results/batch/pair_174
175,pair175_1.jpg,pair175_2.jpg,gt_175.txt,4,0.270191,124008.090154,16555453.157478,/Users/leolan/Downloads/WorkSpace/wssf_improve/wssf_python/wssf_python/results/batch/pair_175
176,pair176_1.jpg,pair176_2.jpg,gt_176.txt,3,0.000549,413772525207.247498,64020048651116.382812,/Users/leolan/Downloads/WorkSpace/wssf_improve/wssf_python/wssf_python/results/batch/pair_176
177,pair177_1.jpg,pair177_2.jpg,gt_177.txt,4,0.380912,89292.795446,31217279.111317,/Users/leolan/Downloads/WorkSpace/wssf_improve/wssf_python/wssf_python/results/batch/pair_177
178,pair178_1.jpg,pair178_2.jpg,gt_178.txt,4,0.382849,161249.560385,10633075339.962582,/Users/leolan/Downloads/WorkSpace/wssf_improve/wssf_python/wssf_python/results/batch/pair_178
179,pair179_1.jpg,pair179_2.jpg,gt_179.txt,4,0.988260,41020.577063,32317240304.103115,/Users/leolan/Downloads/WorkSpace/wssf_improve/wssf_python/wssf_python/results/batch/pair_179
180,pair180_1.jpg,pair180_2.jpg,gt_180.txt,3,0.000003,8774701.804020,39557327584135.976562,/Users/leolan/Downloads/WorkSpace/wssf_improve/wssf_python/wssf_python/results/batch/pair_180
181,pair181_1.jpg,pair181_2.jpg,gt_181.txt,3,0.000000,178718211.015041,17381447.511653,/Users/leolan/Downloads/WorkSpace/wssf_improve/wssf_python/wssf_python/results/batch/pair_181
182,pair182_1.jpg,pair182_2.jpg,gt_182.txt,3,0.000000,832089821.558078,359282.409321,/Users/leolan/Downloads/WorkSpace/wssf_improve/wssf_python/wssf_python/results/batch/pair_182
183,pair183_1.jpg,pair183_2.jpg,gt_183.txt,4,0.467318,10811.736521,3184178.260369,/Users/leolan/Downloads/WorkSpace/wssf_improve/wssf_python/wssf_python/results/batch/pair_183
184,pair184_1.jpg,pair184_2.jpg,gt_184.txt,4,0.667063,129359.452180,1036998171.141196,/Users/leolan/Downloads/WorkSpace/wssf_improve/wssf_python/wssf_python/results/batch/pair_184
185,pair185_1.jpg,pair185_2.jpg,gt_185.txt,3,0.000000,2418736128.442174,29580993.577423,/Users/leolan/Downloads/WorkSpace/wssf_improve/wssf_python/wssf_python/results/batch/pair_185
186,pair186_1.jpg,pair186_2.jpg,gt_186.txt,4,0.723498,114630.433978,266939152862734752.000000,/Users/leolan/Downloads/WorkSpace/wssf_improve/wssf_python/wssf_python/results/batch/pair_186
187,pair187_1.jpg,pair187_2.jpg,gt_187.txt,3,0.000000,856126.044698,471583.389368,/Users/leolan/Downloads/WorkSpace/wssf_improve/wssf_python/wssf_python/results/batch/pair_187
188,pair188_1.jpg,pair188_2.jpg,gt_188.txt,4,0.723894,847.715520,306594592089.228516,/Users/leolan/Downloads/WorkSpace/wssf_improve/wssf_python/wssf_python/results/batch/pair_188
189,pair189_1.jpg,pair189_2.jpg,gt_189.txt,4,0.962587,585318.809954,52828418.740154,/Users/leolan/Downloads/WorkSpace/wssf_improve/wssf_python/wssf_python/results/batch/pair_189
190,pair190_1.jpg,pair190_2.jpg,gt_190.txt,4,0.670170,33612.463694,141895523787.250854,/Users/leolan/Downloads/WorkSpace/wssf_improve/wssf_python/wssf_python/results/batch/pair_190
191,pair191_1.jpg,pair191_2.jpg,gt_191.txt,4,0.758277,44362.797371,26866466769.204697,/Users/leolan/Downloads/WorkSpace/wssf_improve/wssf_python/wssf_python/results/batch/pair_191
192,pair192_1.jpg,pair192_2.jpg,gt_192.txt,3,0.000000,12546.619027,7568516025673.988281,/Users/leolan/Downloads/WorkSpace/wssf_improve/wssf_python/wssf_python/results/batch/pair_192
193,pair193_1.jpg,pair193_2.jpg,gt_193.txt,3,0.000000,187489.719040,10327750.923132,/Users/leolan/Downloads/WorkSpace/wssf_improve/wssf_python/wssf_python/results/batch/pair_193
194,pair194_1.jpg,pair194_2.jpg,gt_194.txt,4,1.115034,64467.909878,1992234777.543935,/Users/leolan/Downloads/WorkSpace/wssf_improve/wssf_python/wssf_python/results/batch/pair_194
195,pair195_1.jpg,pair195_2.jpg,gt_195.txt,4,0.998863,2187.703342,696413764.435518,/Users/leolan/Downloads/WorkSpace/wssf_improve/wssf_python/wssf_python/results/batch/pair_195
196,pair196_1.jpg,pair196_2.jpg,gt_196.txt,4,0.941565,215128.593172,70528333.533362,/Users/leolan/Downloads/WorkSpace/wssf_improve/wssf_python/wssf_python/results/batch/pair_196
197,pair197_1.jpg,pair197_2.jpg,gt_197.txt,3,0.000000,18256864.661458,878077913158.317993,/Users/leolan/Downloads/WorkSpace/wssf_improve/wssf_python/wssf_python/results/batch/pair_197
198,pair198_1.jpg,pair198_2.jpg,gt_198.txt,4,1.147611,26932.185453,65759.950504,/Users/leolan/Downloads/WorkSpace/wssf_improve/wssf_python/wssf_python/results/batch/pair_198
199,pair199_1.jpg,pair199_2.jpg,gt_199.txt,4,0.559940,131757.637910,426143638.968376,/Users/leolan/Downloads/WorkSpace/wssf_improve/wssf_python/wssf_python/results/batch/pair_199
200,pair200_1.jpg,pair200_2.jpg,gt_200.txt,3,0.000000,211366380.148086,40783852.632588,/Users/leolan/Downloads/WorkSpace/wssf_improve/wssf_python/wssf_python/results/batch/pair_200
